<?xml version="1.0" encoding="UTF-8"?>
<project-private xmlns="http://www.netbeans.org/ns/project-private/1">
    <editor-bookmarks xmlns="http://www.netbeans.org/ns/editor-bookmarks/2" lastBookmarkId="0"/>
    <open-files xmlns="http://www.netbeans.org/ns/projectui-open-files/2">
        <group>
            <file>file:/C:/Users/calah/Downloads/NominaProject%20(1)/NominaProject/src/com/nominaproject/view/NominaForm.java</file>
            <file>file:/C:/Users/calah/Downloads/NominaProject%20(1)/NominaProject/src/com/nominaproject/util/Conexion.java</file>
            <file>file:/C:/Users/calah/Downloads/NominaProject%20(1)/NominaProject/src/com/nominaproject/dao/EmpleadoDAO.java</file>
            <file>file:/C:/Users/calah/Downloads/NominaProject%20(1)/NominaProject/src/com/nominaproject/model/Empleado.java</file>
            <file>file:/C:/Users/calah/Downloads/NominaProject%20(1)/NominaProject/src/nominaproject/NominaProject.java</file>
            <file>file:/C:/Users/calah/Downloads/NominaProject%20(1)/NominaProject/src/com/nominaproject/dao/MotivoDAO.java</file>
            <file>file:/C:/Users/calah/Downloads/NominaProject%20(1)/NominaProject/src/com/nominaproject/model/Motivo.java</file>
        </group>
    </open-files>
</project-private>
